{
 "templeR0013": [
  [
   0.9999999980543897,
   -6.182408744121983e-05,
   -8.30679688459637e-06,
   1.0917385822557528e-06
  ],
  [
   6.182388223425654e-05,
   0.999999997783822,
   -2.4701486572580275e-05,
   -1.989869135507161e-06
  ],
  [
   8.30832401307954e-06,
   2.470097296607948e-05,
   0.9999999996604169,
   -1.1492911653829965e-05
  ]
 ],
 "templeR0042": [
  [
   -0.9998470379537013,
   -0.009192063638102748,
   0.014879739960185982,
   0.018591536611449456
  ],
  [
   0.01013038339622465,
   -0.9978814593929177,
   0.06426482966682694,
   -0.9990698770118903
  ],
  [
   0.014257490222868197,
   0.06440573705760887,
   0.9978219405317821,
   0.03903046340198366
  ]
 ],
 "templeR0044": [
  [
   -0.9991478394425253,
   -0.04042209785175571,
   0.008345594202739191,
   0.0928615648656846
  ],
  [
   0.04067223467031067,
   -0.9298103170402655,
   0.36578483245263765,
   -4.52063736338665
  ],
  [
   -0.007025970698550257,
   0.36581255901177606,
   0.9306620264118437,
   0.7137085921253982
  ]
 ],
 "templeR0032": [
  [
   -0.984608768045304,
   0.06666050052453473,
   0.16156098402190822,
   -1.616430785071498
  ],
  [
   0.08058719269762679,
   -0.647109888260905,
   0.7581256471641589,
   -9.073945833590964
  ],
  [
   0.1550847454181885,
   0.7594769056296431,
   0.6317780872694128,
   4.028341989859665
  ]
 ],
 "templeR0034": [
  [
   -0.9825520348356036,
   0.06378316664658823,
   0.17470891932854626,
   -1.769353501409245
  ],
  [
   0.11242098046527965,
   -0.5446535873504711,
   0.8310920484143064,
   -9.963193883827827
  ],
  [
   0.14816552227708085,
   0.8362321313121114,
   0.5279799244001263,
   5.167143349449578
  ]
 ],
 "templeR0036": [
  [
   -0.9840922105871308,
   0.018272191366628804,
   0.17671629263991304,
   -1.81614140764328
  ],
  [
   0.15837353558904285,
   -0.36048983345795615,
   0.9192197252009344,
   -11.006197975026922
  ],
  [
   0.08050058562992116,
   0.9325841554498535,
   0.35186140555213463,
   7.369880859030644
  ]
 ],
 "templeR0038": [
  [
   -0.9809971801971191,
   -0.005792287327722634,
   0.19393550952008282,
   -2.032167015055976
  ],
  [
   0.19344417544334777,
   -0.10628362795087809,
   0.9753374500226277,
   -11.635250334383695
  ],
  [
   0.01496273478827699,
   0.9943189829411443,
   0.10538442356697253,
   10.27269276374449
  ]
 ],
 "templeR0015": [
  [
   0.9991063465078446,
   -0.041482378986219766,
   -0.008106824371502883,
   0.08781290385734322
  ],
  [
   0.041975824456845424,
   0.9513208758323023,
   0.3053303479296308,
   -3.58684805400737
  ],
  [
   -0.004953637947494515,
   -0.3053977790346632,
   0.9522119816678323,
   0.5016801102209671
  ]
 ],
 "templeR0017": [
  [
   0.9965879213558441,
   -0.08010598222238442,
   -0.01988835387419155,
   0.22417242706741763
  ],
  [
   0.07769842676690854,
   0.8292144121816972,
   0.5535037606991571,
   -6.518660278075079
  ],
  [
   -0.027847252747540248,
   -0.5531604561448238,
   0.832609176187763,
   1.8570665659389423
  ]
 ],
 "templeR0019": [
  [
   0.9880820069982791,
   -0.1536137635827363,
   -0.009836619551447337,
   0.12716605895305944
  ],
  [
   0.10792379627874167,
   0.6457922703001138,
   0.7558470730362125,
   -8.919714117015873
  ],
  [
   -0.10975610070988029,
   -0.7479004982339376,
   0.6546743030686256,
   3.8636305915827407
  ]
 ],
 "templeR0021": [
  [
   0.9870198837519704,
   -0.14901984194378906,
   -0.05987349818822177,
   0.7003196143747278
  ],
  [
   0.12336407923528062,
   0.4648215022122129,
   0.8767680850918407,
   -10.391952137673428
  ],
  [
   -0.10282535209119525,
   -0.8727737723993716,
   0.47717176066809724,
   5.990158118894437
  ]
 ]
}